Record #:  0,
Notes :,
Oxo med v2,
,
01/06/202621:24:01Record #:,0
Notes :,
Oxo med v2,
,
01/06/202621:24:01,
Codes Data,
,
Status Bits	CH2,
FFFFFFFFFFC00000	0009DADD,
FFFFFFFFFFC00000	0009C2ED,
FFFFFFFFFFC00000	0009A96D,
FFFFFFFFFFC00000	00097BF2,
FFFFFFFFFFC00000	00096115,
FFFFFFFFFFC00000	00095FEF,
FFFFFFFFFFC00000	0009594A,
FFFFFFFFFFC00000	00096943,
FFFFFFFFFFC00000	00099917,
FFFFFFFFFFC00000	0009BCFB,
FFFFFFFFFFC00000	0009C575,
FFFFFFFFFFC00000	0009B50C,
FFFFFFFFFFC00000	000999A1,
FFFFFFFFFFC00000	0009665B,
FFFFFFFFFFC00000	000942BC,
FFFFFFFFFFC00000	00094042,
FFFFFFFFFFC00000	00095328,
FFFFFFFFFFC00000	0009775A,
FFFFFFFFFFC00000	0009B0B2,
FFFFFFFFFFC00000	0009C620,
FFFFFFFFFFC00000	0009CD73,
FFFFFFFFFFC00000	0009CD46,
FFFFFFFFFFC00000	0009B8FA,
FFFFFFFFFFC00000	00099A49,
FFFFFFFFFFC00000	00097EF1,
FFFFFFFFFFC00000	00097C5B,
FFFFFFFFFFC00000	00099285,
FFFFFFFFFFC00000	0009A8FF,
FFFFFFFFFFC00000	0009D7C7,
FFFFFFFFFFC00000	0009F1BC,
FFFFFFFFFFC00000	0009FFE1,
FFFFFFFFFFC00000	0009EDD2,
FFFFFFFFFFC00000	0009E46B,
FFFFFFFFFFC00000	0009C052,
FFFFFFFFFFC00000	0009A043,
FFFFFFFFFFC00000	00099C12,
FFFFFFFFFFC00000	0009A89F,
FFFFFFFFFFC00000	0009BDC8,
FFFFFFFFFFC00000	0009E48F,
FFFFFFFFFFC00000	0009EFF1,
FFFFFFFFFFC00000	0009F7DA,
FFFFFFFFFFC00000	0009E355,
FFFFFFFFFFC00000	0009C55B,
FFFFFFFFFFC00000	0009955C,
FFFFFFFFFFC00000	000986EA,
FFFFFFFFFFC00000	000987BB,
FFFFFFFFFFC00000	00099449,
FFFFFFFFFFC00000	0009A56D,
FFFFFFFFFFC00000	0009D695,
FFFFFFFFFFC00000	0009FA4A,
FFFFFFFFFFC00000	0009F803,
FFFFFFFFFFC00000	0009E260,
FFFFFFFFFFC00000	0009CABC,
FFFFFFFFFFC00000	00099FF0,
FFFFFFFFFFC00000	00097CDF,
FFFFFFFFFFC00000	00097747,
FFFFFFFFFFC00000	00098423,
FFFFFFFFFFC00000	00098E1E,
FFFFFFFFFFC00000	0009B8D4,
FFFFFFFFFFC00000	0009E3A8,
FFFFFFFFFFC00000	0009F924,
FFFFFFFFFFC00000	0009F79F,
FFFFFFFFFFC00000	0009E1D2,
FFFFFFFFFFC00000	0009AF08,
FFFFFFFFFFC00000	00099230,
FFFFFFFFFFC00000	00098E1C,
FFFFFFFFFFC00000	000998CB,
FFFFFFFFFFC00000	0009AEB2,
FFFFFFFFFFC00000	0009DD17,
FFFFFFFFFFC00000	0009F9B8,
FFFFFFFFFFC00000	0009FB86,
FFFFFFFFFFC00000	0009ED2B,
FFFFFFFFFFC00000	0009DD9C,
FFFFFFFFFFC00000	0009B5B2,
FFFFFFFFFFC00000	00099790,
FFFFFFFFFFC00000	000991A2,
FFFFFFFFFFC00000	0009A41A,
FFFFFFFFFFC00000	0009C61F,
FFFFFFFFFFC00000	0009E3FA,
FFFFFFFFFFC00000	0009E820,
FFFFFFFFFFC00000	0009E8F8,
FFFFFFFFFFC00000	0009D556,
FFFFFFFFFFC00000	0009B583,
FFFFFFFFFFC00000	00098653,
FFFFFFFFFFC00000	000966C8,
FFFFFFFFFFC00000	00096611,
FFFFFFFFFFC00000	00097CDD,
FFFFFFFFFFC00000	0009960D,
FFFFFFFFFFC00000	0009BBCF,
FFFFFFFFFFC00000	0009DBB0,
FFFFFFFFFFC00000	0009E48B,
FFFFFFFFFFC00000	0009DA6F,
FFFFFFFFFFC00000	0009C495,
FFFFFFFFFFC00000	00099ADA,
FFFFFFFFFFC00000	00097866,
FFFFFFFFFFC00000	00096FF2,
FFFFFFFFFFC00000	00097D1D,
FFFFFFFFFFC00000	0009994B,
FFFFFFFFFFC00000	0009CF99,
FFFFFFFFFFC00000	0009EDDA,
FFFFFFFFFFC00000	0009F437,
FFFFFFFFFFC00000	0009EDD8,
FFFFFFFFFFC00000	0009D0AC,
FFFFFFFFFFC00000	0009A499,
FFFFFFFFFFC00000	00098666,
FFFFFFFFFFC00000	00097EF4,
FFFFFFFFFFC00000	00099312,
FFFFFFFFFFC00000	0009BC86,
FFFFFFFFFFC00000	0009FB7C,
FFFFFFFFFFC00000	000A1A2A,
FFFFFFFFFFC00000	000A10DA,
FFFFFFFFFFC00000	0009FFCF,
FFFFFFFFFFC00000	0009E6BA,
FFFFFFFFFFC00000	0009B2A4,
FFFFFFFFFFC00000	000997BA,
FFFFFFFFFFC00000	00098FD6,
FFFFFFFFFFC00000	00099934,
FFFFFFFFFFC00000	0009B35F,
FFFFFFFFFFC00000	0009ECAA,
FFFFFFFFFFC00000	000A137C,
FFFFFFFFFFC00000	000A0ABF,
FFFFFFFFFFC00000	0009F0F0,
FFFFFFFFFFC00000	0009D5F1,
FFFFFFFFFFC00000	0009AC1E,
FFFFFFFFFFC00000	00099645,
FFFFFFFFFFC00000	00099107,
FFFFFFFFFFC00000	00099BE8,
FFFFFFFFFFC00000	0009BDF5,
FFFFFFFFFFC00000	0009F3B7,
FFFFFFFFFFC00000	000A11CF,
FFFFFFFFFFC00000	000A0D1C,
FFFFFFFFFFC00000	0009FF90,
FFFFFFFFFFC00000	0009E834,
FFFFFFFFFFC00000	0009B8BC,
FFFFFFFFFFC00000	0009A4E0,
FFFFFFFFFFC00000	00099A06,
FFFFFFFFFFC00000	0009A1B1,
FFFFFFFFFFC00000	0009C4F1,
FFFFFFFFFFC00000	0009F73E,
FFFFFFFFFFC00000	000A1AEC,
FFFFFFFFFFC00000	000A24A4,
FFFFFFFFFFC00000	000A0838,
FFFFFFFFFFC00000	0009E878,
FFFFFFFFFFC00000	0009B9C8,
FFFFFFFFFFC00000	0009A1FA,
FFFFFFFFFFC00000	0009AADB,
FFFFFFFFFFC00000	0009C300,
FFFFFFFFFFC00000	0009E875,
FFFFFFFFFFC00000	0009F89C,
FFFFFFFFFFC00000	0009E058,
FFFFFFFFFFC00000	0009DA5C,
FFFFFFFFFFC00000	0009CF50,
FFFFFFFFFFC00000	0009B2A9,
FFFFFFFFFFC00000	00097E7C,
FFFFFFFFFFC00000	000950D7,
FFFFFFFFFFC00000	00096328,
FFFFFFFFFFC00000	00097C03,
FFFFFFFFFFC00000	00099799,
FFFFFFFFFFC00000	0009C778,
FFFFFFFFFFC00000	0009F1E6,
FFFFFFFFFFC00000	0009EE6D,
FFFFFFFFFFC00000	0009CFCE,
FFFFFFFFFFC00000	0009B879,
FFFFFFFFFFC00000	00098E6B,
FFFFFFFFFFC00000	00096CB5,
FFFFFFFFFFC00000	00095E84,
FFFFFFFFFFC00000	0009668B,
FFFFFFFFFFC00000	000981BD,
FFFFFFFFFFC00000	0009BE8E,
FFFFFFFFFFC00000	0009E716,
FFFFFFFFFFC00000	0009EF71,
FFFFFFFFFFC00000	0009E639,
FFFFFFFFFFC00000	0009C133,
FFFFFFFFFFC00000	0009803D,
FFFFFFFFFFC00000	00095FB1,
FFFFFFFFFFC00000	0009738A,
FFFFFFFFFFC00000	00097D40,
FFFFFFFFFFC00000	0009A2F8,
FFFFFFFFFFC00000	0009E5B2,
FFFFFFFFFFC00000	000A0053,
FFFFFFFFFFC00000	0009FB79,
FFFFFFFFFFC00000	0009E32F,
FFFFFFFFFFC00000	0009C176,
FFFFFFFFFFC00000	000997EB,
FFFFFFFFFFC00000	00098195,
FFFFFFFFFFC00000	00097B9A,
FFFFFFFFFFC00000	000987C5,
FFFFFFFFFFC00000	0009A7FC,
FFFFFFFFFFC00000	0009DD38,
FFFFFFFFFFC00000	0009F419,
FFFFFFFFFFC00000	0009F95A,
FFFFFFFFFFC00000	000A079F,
FFFFFFFFFFC00000	0009EAE6,
FFFFFFFFFFC00000	0009B2BD,
FFFFFFFFFFC00000	00099A9B,
FFFFFFFFFFC00000	00099584,
FFFFFFFFFFC00000	0009A0C7,
FFFFFFFFFFC00000	0009CA1E,
FFFFFFFFFFC00000	000A02D0,
FFFFFFFFFFC00000	000A2BE5,
FFFFFFFFFFC00000	000A28F0,
FFFFFFFFFFC00000	000A1332,
FFFFFFFFFFC00000	0009FAC0,
FFFFFFFFFFC00000	0009C55D,
FFFFFFFFFFC00000	0009911B,
FFFFFFFFFFC00000	00099B39,
FFFFFFFFFFC00000	0009B0DA,
FFFFFFFFFFC00000	0009CD31,
FFFFFFFFFFC00000	0009FEFD,
FFFFFFFFFFC00000	000A10F5,
FFFFFFFFFFC00000	000A0CE7,
FFFFFFFFFFC00000	0009F1D5,
FFFFFFFFFFC00000	0009DDEF,
FFFFFFFFFFC00000	0009A4C0,
FFFFFFFFFFC00000	00098295,
FFFFFFFFFFC00000	00099AF9,
FFFFFFFFFFC00000	00099E7A,
FFFFFFFFFFC00000	0009B336,
FFFFFFFFFFC00000	0009EE24,
FFFFFFFFFFC00000	000A05E6,
FFFFFFFFFFC00000	000A099E,
FFFFFFFFFFC00000	000A07A1,
FFFFFFFFFFC00000	0009F1C4,
FFFFFFFFFFC00000	0009AFF7,
FFFFFFFFFFC00000	00098BFE,
FFFFFFFFFFC00000	000988CC,
FFFFFFFFFFC00000	0009ACB0,
FFFFFFFFFFC00000	0009D2E3,
FFFFFFFFFFC00000	000A1241,
FFFFFFFFFFC00000	000A2FB8,
FFFFFFFFFFC00000	000A0DB9,
FFFFFFFFFFC00000	0009F388,
FFFFFFFFFFC00000	0009D793,
FFFFFFFFFFC00000	0009ADE6,
FFFFFFFFFFC00000	00099461,
FFFFFFFFFFC00000	0009933A,
FFFFFFFFFFC00000	0009B4FC,
FFFFFFFFFFC00000	0009D96B,
FFFFFFFFFFC00000	000A0876,
FFFFFFFFFFC00000	000A0F23,
FFFFFFFFFFC00000	0009FFD3,
FFFFFFFFFFC00000	0009EA37,
FFFFFFFFFFC00000	0009CE85,
FFFFFFFFFFC00000	0009AC18,
FFFFFFFFFFC00000	0009ADD6,
FFFFFFFFFFC00000	0009CC6B,
FFFFFFFFFFC00000	0009F3EC,
FFFFFFFFFFC00000	000A21D8,
FFFFFFFFFFC00000	000A2AEA,
FFFFFFFFFFC00000	000A0423,
FFFFFFFFFFC00000	000A0594,
FFFFFFFFFFC00000	0009F34F,
FFFFFFFFFFC00000	0009C5AF,
FFFFFFFFFFC00000	00098552,
FFFFFFFFFFC00000	00097378,
FFFFFFFFFFC00000	0009660D,
FFFFFFFFFFC00000	00097839,
FFFFFFFFFFC00000	00099F6B,
FFFFFFFFFFC00000	0009CEBA,
FFFFFFFFFFC00000	0009CE49,
FFFFFFFFFFC00000	0009D006,
FFFFFFFFFFC00000	0009C52D,
FFFFFFFFFFC00000	0009AB75,
FFFFFFFFFFC00000	000972E4,
FFFFFFFFFFC00000	0009839E,
FFFFFFFFFFC00000	000990A5,
FFFFFFFFFFC00000	00099614,
FFFFFFFFFFC00000	0009B50C,
FFFFFFFFFFC00000	0009EA28,
FFFFFFFFFFC00000	000A0733,
FFFFFFFFFFC00000	0009FA3B,
FFFFFFFFFFC00000	000A05E8,
FFFFFFFFFFC00000	000A0265,
FFFFFFFFFFC00000	0009D312,
FFFFFFFFFFC00000	0009B8CC,
FFFFFFFFFFC00000	0009B3D0,
FFFFFFFFFFC00000	00099958,
FFFFFFFFFFC00000	0009B225,
FFFFFFFFFFC00000	0009FA13,
FFFFFFFFFFC00000	000A0B7B,
FFFFFFFFFFC00000	0009FD5D,
FFFFFFFFFFC00000	0009F012,
FFFFFFFFFFC00000	0009CFCD,
FFFFFFFFFFC00000	0009A267,
FFFFFFFFFFC00000	00099412,
FFFFFFFFFFC00000	00099352,
FFFFFFFFFFC00000	00099BEB,
FFFFFFFFFFC00000	0009B25B,
FFFFFFFFFFC00000	0009F38D,
FFFFFFFFFFC00000	000A1D4D,
FFFFFFFFFFC00000	000A13C3,
FFFFFFFFFFC00000	0009E52B,
FFFFFFFFFFC00000	0009D218,
FFFFFFFFFFC00000	0009A048,
FFFFFFFFFFC00000	00099C2B,
FFFFFFFFFFC00000	00096CC0,
FFFFFFFFFFC00000	000954E4,
FFFFFFFFFFC00000	00096F8B,
FFFFFFFFFFC00000	0009A5B3,
FFFFFFFFFFC00000	0009B8EC,
FFFFFFFFFFC00000	0009A2D7,
FFFFFFFFFFC00000	0009824D,
FFFFFFFFFFC00000	00096B7B,
FFFFFFFFFFC00000	00093FB3,
FFFFFFFFFFC00000	00094D00,
FFFFFFFFFFC00000	0009632C,
FFFFFFFFFFC00000	00097F12,
FFFFFFFFFFC00000	0009A4B3,
FFFFFFFFFFC00000	0009DBFB,
FFFFFFFFFFC00000	0009FF1F,
FFFFFFFFFFC00000	000A09F2,
FFFFFFFFFFC00000	000A1B82,
FFFFFFFFFFC00000	000A0371,
FFFFFFFFFFC00000	0009D670,
FFFFFFFFFFC00000	0009D36C,
FFFFFFFFFFC00000	0009E6BB,
FFFFFFFFFFC00000	000A096E,
FFFFFFFFFFC00000	000A4BCB,
FFFFFFFFFFC00000	000A8017,
FFFFFFFFFFC00000	000A9262,
FFFFFFFFFFC00000	000A7B50,
FFFFFFFFFFC00000	000A61B6,
FFFFFFFFFFC00000	000A4333,
FFFFFFFFFFC00000	000A10CC,
FFFFFFFFFFC00000	0009EF28,
FFFFFFFFFFC00000	0009FF7D,
FFFFFFFFFFC00000	000A1A93,
FFFFFFFFFFC00000	000A583F,
FFFFFFFFFFC00000	000A71D3,
FFFFFFFFFFC00000	000A7385,
FFFFFFFFFFC00000	000A567B,
FFFFFFFFFFC00000	000A39CF,
FFFFFFFFFFC00000	000A218D,
FFFFFFFFFFC00000	0009E334,
FFFFFFFFFFC00000	0009CB75,
FFFFFFFFFFC00000	0009DC84,
FFFFFFFFFFC00000	0009F08C,
FFFFFFFFFFC00000	000A0A54,
FFFFFFFFFFC00000	000A30C1,
FFFFFFFFFFC00000	000A4A99,
FFFFFFFFFFC00000	000A5271,
FFFFFFFFFFC00000	000A496C,
FFFFFFFFFFC00000	000A362F,
FFFFFFFFFFC00000	000A1249,
FFFFFFFFFFC00000	000A0720,
FFFFFFFFFFC00000	000A0BF3,
FFFFFFFFFFC00000	000A3D66,
FFFFFFFFFFC00000	000A8656,
FFFFFFFFFFC00000	000A90E8,
FFFFFFFFFFC00000	000A9520,
FFFFFFFFFFC00000	000A8E8D,
FFFFFFFFFFC00000	000A8BBE,
FFFFFFFFFFC00000	000A77B5,
FFFFFFFFFFC00000	000A6206,
FFFFFFFFFFC00000	000A9293,
FFFFFFFFFFC00000	000AC1B0,
FFFFFFFFFFC00000	000AFE0B,
FFFFFFFFFFC00000	000B8A73,
FFFFFFFFFFC00000	000C1AE4,
FFFFFFFFFFC00000	000C2CCD,
FFFFFFFFFFC00000	000C556A,
FFFFFFFFFFC00000	000C95DC,
FFFFFFFFFFC00000	000CCC52,
FFFFFFFFFFC00000	000CEC9B,
FFFFFFFFFFC00000	000CFD2A,
FFFFFFFFFFC00000	000D2D1F,
FFFFFFFFFFC00000	000D7BC1,
FFFFFFFFFFC00000	000DD688,
FFFFFFFFFFC00000	000E7F85,
FFFFFFFFFFC00000	000EF69A,
FFFFFFFFFFC00000	000F120B,
FFFFFFFFFFC00000	000F15C6,
FFFFFFFFFFC00000	000F07DE,
FFFFFFFFFFC00000	000EEAE6,
FFFFFFFFFFC00000	000ED521,
FFFFFFFFFFC00000	000EE3B4,
FFFFFFFFFFC00000	000F3170,
FFFFFFFFFFC00000	000FA2A9,
FFFFFFFFFFC00000	000FE9C3,
FFFFFFFFFFC00000	00100DE6,
FFFFFFFFFFC00000	001024F6,
FFFFFFFFFFC00000	001029E4,
FFFFFFFFFFC00000	001013CE,
FFFFFFFFFFC00000	000FD93E,
FFFFFFFFFFC00000	000FB8FC,
FFFFFFFFFFC00000	000FE580,
FFFFFFFFFFC00000	000FEF60,
FFFFFFFFFFC00000	001013B1,
FFFFFFFFFFC00000	00106955,
FFFFFFFFFFC00000	00109D47,
FFFFFFFFFFC00000	0010965B,
FFFFFFFFFFC00000	0010A00D,
FFFFFFFFFFC00000	0010777B,
FFFFFFFFFFC00000	00103728,
FFFFFFFFFFC00000	00102071,
FFFFFFFFFFC00000	0010299F,
FFFFFFFFFFC00000	00103E8C,
FFFFFFFFFFC00000	001068CD,
FFFFFFFFFFC00000	0010B174,
FFFFFFFFFFC00000	0010E119,
FFFFFFFFFFC80000	0010F0B6,
FFFFFFFFFFC80000	0010D0A9,
FFFFFFFFFFC80000	00108F48,
FFFFFFFFFFC80000	00105CC6,
FFFFFFFFFFC80000	00106526,
FFFFFFFFFFC80000	0010C519,
FFFFFFFFFFC80000	00114F11,
FFFFFFFFFFC80000	0011FCEA,
FFFFFFFFFFC80000	00130E96,
FFFFFFFFFFC80000	00147FF4,
FFFFFFFFFFC80000	0014F108,
FFFFFFFFFFC80000	0014CDAF,
FFFFFFFFFFC80000	0014FE99,
FFFFFFFFFFC80000	00159F27,
FFFFFFFFFFC80000	0015E054,
FFFFFFFFFFC80000	0015DEA9,
FFFFFFFFFFC80000	0015134C,
FFFFFFFFFFC80000	0013865D,
FFFFFFFFFFC80000	001116FA,
FFFFFFFFFFC80000	000F33C1,
FFFFFFFFFFC80000	000E83CA,
FFFFFFFFFFC80000	000E923A,
FFFFFFFFFFC80000	000F7176,
FFFFFFFFFFC80000	0010D38B,
FFFFFFFFFFC80000	0010E108,
FFFFFFFFFFC80000	00100854,
FFFFFFFFFFC80000	000E93A2,
FFFFFFFFFFC80000	000C37BF,
FFFFFFFFFFC80000	0009029D,
FFFFFFFFFFC80000	0006B72E,
FFFFFFFFFFC80000	0005EE4D,
FFFFFFFFFFC80000	00066D3B,
FFFFFFFFFFCA0000	00078EE3,
FFFFFFFFFFCA0000	00097AA6,
FFFFFFFFFFCA0000	000A84C2,
FFFFFFFFFFCA0000	000AC997,
FFFFFFFFFFCA0000	000A2EF8,
FFFFFFFFFFCA0000	0008D2DD,
FFFFFFFFFFCA0000	00065814,
FFFFFFFFFFCA0000	0004C995,
FFFFFFFFFFCA0000	0004C97C,
FFFFFFFFFFCA0000	0005FE1C,
FFFFFFFFFFCA0000	0007F2BB,
FFFFFFFFFFCA0000	000AD73F,
FFFFFFFFFFCA0000	000CAE96,
FFFFFFFFFFCA0000	000D05CB,
FFFFFFFFFFCA0000	000C4913,
FFFFFFFFFFCA0000	000A68CA,
FFFFFFFFFFCA0000	00079A85,
FFFFFFFFFFCA0000	0005C6D7,
FFFFFFFFFFCA0000	00058BFE,
FFFFFFFFFFCA0000	00063383,
FFFFFFFFFFCA0000	00097A09,
FFFFFFFFFFCA0000	0012546E,
FFFFFFFFFFCA0000	00147557,
FFFFFFFFFFCA0000	001411D8,
FFFFFFFFFFCA0000	0012B8E5,
FFFFFFFFFFCA0000	0011A1D9,
FFFFFFFFFFCA0000	000E64F7,
FFFFFFFFFFCA0000	000A5936,
FFFFFFFFFFCA0000	000944DE,
FFFFFFFFFFCA0000	00076675,
FFFFFFFFFFCA0000	0007941A,
FFFFFFFFFFCA0000	0009C000,
FFFFFFFFFFCA0000	000B10E7,
FFFFFFFFFFCA0000	000B4BFD,
FFFFFFFFFFCA0000	000C57F0,
FFFFFFFFFFCA0000	001112AF,
FFFFFFFFFFCA0000	000F0B2F,
FFFFFFFFFFCA0000	000B3857,
FFFFFFFFFFCA0000	000A8DF8,
FFFFFFFFFFCA0000	000C1233,
FFFFFFFFFFCA0000	000F90CC,
FFFFFFFFFFCA0000	0011F205,
FFFFFFFFFFCA0000	0011986A,
FFFFFFFFFFCA0000	00114E92,
FFFFFFFFFFCA0000	0011312D,
FFFFFFFFFFCA0000	001138C4,
FFFFFFFFFFCA0000	000F7CD2,
FFFFFFFFFFCA0000	000C1EF8,
FFFFFFFFFFCA0000	000B727C,
FFFFFFFFFFCA0000	000CED6D,
FFFFFFFFFFCA0000	000FD391,
FFFFFFFFFFCA0000	0010F28D,
FFFFFFFFFFCA0000	001079AC,
FFFFFFFFFFCA0000	00103236,
FFFFFFFFFFCA0000	00101300,
FFFFFFFFFFCA0000	00102FA5,
FFFFFFFFFFCA0000	000F7A8C,
FFFFFFFFFFCA0000	000CA21D,
FFFFFFFFFFCA0000	000BD2E9,
FFFFFFFFFFCA0000	000D354C,
FFFFFFFFFFCA0000	000FA489,
FFFFFFFFFFCA0000	00102997,
FFFFFFFFFFCA0000	000FAF8B,
FFFFFFFFFFCA0000	000F6C9B,
FFFFFFFFFFCA0000	000F5243,
FFFFFFFFFFCA0000	000F72D9,
FFFFFFFFFFCA0000	000F589C,
FFFFFFFFFFCA0000	000D461E,
FFFFFFFFFFCA0000	000C86C7,
FFFFFFFFFFCA0000	000DD6C4,
FFFFFFFFFFCA0000	000F77F9,
FFFFFFFFFFCA0000	000F574A,
FFFFFFFFFFCA0000	000EDA70,
FFFFFFFFFFCA0000	000E9884,
FFFFFFFFFFCA0000	000E838B,
FFFFFFFFFFCA0000	000EA88D,
FFFFFFFFFFCA0000	000EECFE,
FFFFFFFFFFCA0000	000DB2F7,
FFFFFFFFFFCA0000	000D1937,
FFFFFFFFFFCA0000	000E4B1D,
FFFFFFFFFFCA0000	000F225D,
FFFFFFFFFFCA0000	000EAA0A,
FFFFFFFFFFCA0000	000E3541,
FFFFFFFFFFCA0000	000DF5D7,
FFFFFFFFFFCA0000	000DE1D5,
FFFFFFFFFFCA0000	000E072E,
FFFFFFFFFFCA0000	000E7631,
FFFFFFFFFFCA0000	000DFFD4,
FFFFFFFFFFCA0000	000D9394,
FFFFFFFFFFCA0000	000E7DD3,
FFFFFFFFFFCA0000	000EB1D5,
FFFFFFFFFFCA0000	000E159F,
FFFFFFFFFFCA0000	000DA353,
FFFFFFFFFFCA0000	000D645B,
FFFFFFFFFFCA0000	000D50CD,
FFFFFFFFFFCA0000	000D787F,
FFFFFFFFFFCA0000	000DF356,
FFFFFFFFFFCA0000	000E1623,
FFFFFFFFFFCA0000	000DFF39,
FFFFFFFFFFCA0000	000E7495,
FFFFFFFFFFCA0000	000E2F25,
FFFFFFFFFFCA0000	000D900F,
FFFFFFFFFFCA0000	000D215A,
FFFFFFFFFFCA0000	000CE6CE,
FFFFFFFFFFCA0000	000CD876,
FFFFFFFFFFCA0000	000D0698,
FFFFFFFFFFCA0000	000D83BF,
FFFFFFFFFFCA0000	000DFA37,
FFFFFFFFFFCA0000	000E1DEF,
FFFFFFFFFFCA0000	000E376C,
FFFFFFFFFFCA0000	000DCF9C,
FFFFFFFFFFCA0000	000D3937,
FFFFFFFFFFCA0000	000CCF63,
FFFFFFFFFFCA0000	000C99A3,
FFFFFFFFFFCA0000	000C8E0A,
FFFFFFFFFFCA0000	000CBD48,
FFFFFFFFFFCA0000	000D310D,
FFFFFFFFFFCA0000	000DBC08,
FFFFFFFFFFCA0000	000DF3B6,
FFFFFFFFFFCA0000	000DDF44,
FFFFFFFFFFCA0000	000D6F7F,
FFFFFFFFFFCA0000	000CE273,
FFFFFFFFFFCA0000	000C74D3,
FFFFFFFFFFCA0000	000C37F7,
FFFFFFFFFFCA0000	000C2710,
FFFFFFFFFFCA0000	000C5467,
FFFFFFFFFFCA0000	000CC982,
FFFFFFFFFFCA0000	000D586A,
FFFFFFFFFFCA0000	000DA452,
FFFFFFFFFFCA0000	000D9ACE,
FFFFFFFFFFCA0000	000D2D85,
FFFFFFFFFFCA0000	000C9A12,
FFFFFFFFFFCA0000	000C25A0,
FFFFFFFFFFCA0000	000BE6B7,
FFFFFFFFFFCA0000	000BD6C1,
FFFFFFFFFFCA0000	000C0B32,
FFFFFFFFFFCA0000	000C8986,
FFFFFFFFFFCA0000	000D1912,
FFFFFFFFFFCA0000	000D6EC8,
FFFFFFFFFFCA0000	000D5CB8,
FFFFFFFFFFCA0000	000CEAFB,
FFFFFFFFFFCA0000	000C5A7E,
FFFFFFFFFFCA0000	000BE6A5,
FFFFFFFFFFCA0000	000BA92F,
FFFFFFFFFFCA0000	000B9C22,
FFFFFFFFFFCA0000	000BD496,
FFFFFFFFFFCA0000	000C5502,
FFFFFFFFFFCA0000	000CDE71,
FFFFFFFFFFCA0000	000D35A3,
FFFFFFFFFFCA0000	000D13CC,
FFFFFFFFFFCA0000	000CAED5,
FFFFFFFFFFCA0000	000C23BE,
FFFFFFFFFFCA0000	000BAF4A,
FFFFFFFFFFCA0000	000B7290,
FFFFFFFFFFCA0000	000B66F9,
FFFFFFFFFFCA0000	000BA35A,
FFFFFFFFFFCA0000	000C25A0,
FFFFFFFFFFCA0000	000CA399,
FFFFFFFFFFCA0000	000CF84E,
FFFFFFFFFFCA0000	000CD03F,
FFFFFFFFFFCA0000	000C795E,
FFFFFFFFFFCA0000	000BEF04,
FFFFFFFFFFCA0000	000B7C0D,
FFFFFFFFFFCA0000	000B4204,
FFFFFFFFFFCA0000	000B3864,
FFFFFFFFFFCA0000	000B77B9,
FFFFFFFFFFCA0000	000BFBBE,
FFFFFFFFFFCA0000	000C6803,
FFFFFFFFFFCA0000	000C9881,
FFFFFFFFFFCA0000	000C95D4,
FFFFFFFFFFCA0000	000C4D37,
FFFFFFFFFFCA0000	000BC258,
FFFFFFFFFFCA0000	000B504A,
FFFFFFFFFFCA0000	000B1618,
FFFFFFFFFFCA0000	000B0CD2,
FFFFFFFFFFCA0000	000B4DF8,
FFFFFFFFFFCA0000	000BD3BA,
FFFFFFFFFFCA0000	000C4177,
FFFFFFFFFFCA0000	000C6F97,
FFFFFFFFFFCA0000	000C6BF1,
FFFFFFFFFFCA0000	000C207F,
FFFFFFFFFFCA0000	000B94AA,
FFFFFFFFFFCA0000	000B2510,
FFFFFFFFFFCA0000	000AEDEC,
FFFFFFFFFFCA0000	000AE7A1,
FFFFFFFFFFCA0000	000B2AFB,
FFFFFFFFFFCA0000	000BB1D9,
FFFFFFFFFFCA0000	000C1F51,
FFFFFFFFFFCA0000	000C4CFC,
FFFFFFFFFFCA0000	000C4D77,
FFFFFFFFFFCA0000	000BFC47,
FFFFFFFFFFCA0000	000B6C1F,
FFFFFFFFFFCA0000	000AFF47,
FFFFFFFFFFCA0000	000ACAF8,
FFFFFFFFFFCA0000	000AC67E,
FFFFFFFFFFCA0000	000B0D6D,
FFFFFFFFFFCA0000	000B9779,
FFFFFFFFFFCA0000	000C0222,
FFFFFFFFFFCA0000	000C2B64,
FFFFFFFFFFCA0000	000C24BD,
FFFFFFFFFFCA0000	000BD694,
FFFFFFFFFFCA0000	000B4EE2,
FFFFFFFFFFCA0000	000ADE8C,
FFFFFFFFFFCA0000	000AA85A,
FFFFFFFFFFCA0000	000AA3D9,
FFFFFFFFFFCA0000	000AEA02,
FFFFFFFFFFCA0000	000B6ED3,
FFFFFFFFFFCA0000	000BD91F,
FFFFFFFFFFCA0000	000C06D7,
FFFFFFFFFFCA0000	000C04BC,
FFFFFFFFFFCA0000	000BBB2E,
FFFFFFFFFFCA0000	000B33DD,
FFFFFFFFFFCA0000	000AC5EB,
FFFFFFFFFFCA0000	000A9184,
FFFFFFFFFFCA0000	000A8BC2,
FFFFFFFFFFCA0000	000AD04C,
FFFFFFFFFFCA0000	000B5458,
FFFFFFFFFFCA0000	000BBD74,
FFFFFFFFFFCA0000	000BEA3B,
FFFFFFFFFFCA0000	000BE6AE,
FFFFFFFFFFCA0000	000B9BAA,
FFFFFFFFFFCA0000	000B155B,
FFFFFFFFFFCA0000	000AA806,
FFFFFFFFFFCA0000	000A7258,
FFFFFFFFFFCA0000	000A6D82,
FFFFFFFFFFCA0000	000AB440,
FFFFFFFFFFCA0000	000B380D,
FFFFFFFFFFCA0000	000BA114,
FFFFFFFFFFCA0000	000BCDEE,
FFFFFFFFFFCA0000	000BCAD6,
FFFFFFFFFFCA0000	000B7F80,
FFFFFFFFFFCA0000	000AF956,
FFFFFFFFFFCA0000	000A8D20,
FFFFFFFFFFCA0000	000A5928,
FFFFFFFFFFCA0000	000A5515,
FFFFFFFFFFCA0000	000A9D00,
FFFFFFFFFFCA0000	000B2233,
FFFFFFFFFFCA0000	000B8AA4,
FFFFFFFFFFCA0000	000BB6E8,
FFFFFFFFFFCA0000	000BB3CA,
FFFFFFFFFFCA0000	000B67FA,
FFFFFFFFFFCA0000	000AE371,
FFFFFFFFFFCA0000	000A78EE,
FFFFFFFFFFCA0000	000A45B6,
FFFFFFFFFFCA0000	000A4235,
FFFFFFFFFFCA0000	000A8ABF,
FFFFFFFFFFCA0000	000B0E48,
FFFFFFFFFFCA0000	000B74B7,
FFFFFFFFFFCA0000	000BA0DD,
FFFFFFFFFFCA0000	000B9D2B,
FFFFFFFFFFCA0000	000B50CA,
FFFFFFFFFFCA0000	000ACD5C,
FFFFFFFFFFCA0000	000A6558,
FFFFFFFFFFCA0000	000A3409,
FFFFFFFFFFCA0000	000A3118,
FFFFFFFFFFCA0000	000A7B01,
FFFFFFFFFFCA0000	000AFE0F,
FFFFFFFFFFCA0000	000B66AA,
FFFFFFFFFFCA0000	000B962B,
FFFFFFFFFFCA0000	000B8C24,
FFFFFFFFFFCA0000	000B340F,
FFFFFFFFFFCA0000	000AB0CF,
FFFFFFFFFFCA0000	000A4F52,
FFFFFFFFFFCA0000	000A240A,
FFFFFFFFFFCA0000	000A2574,
FFFFFFFFFFCA0000	000A7204,
FFFFFFFFFFCA0000	000AF371,
FFFFFFFFFFCA0000	000B58F0,
FFFFFFFFFFCA0000	000B7DD6,
FFFFFFFFFFCA0000	000B6F5B,
FFFFFFFFFFCA0000	000B192F,
FFFFFFFFFFCA0000	000A9914,
FFFFFFFFFFCA0000	000A3931,
FFFFFFFFFFCA0000	000A1070,
FFFFFFFFFFCA0000	000A13D1,
FFFFFFFFFFCA0000	000A630C,
FFFFFFFFFFCA0000	000AE4C3,
FFFFFFFFFFCA0000	000B49E5,
FFFFFFFFFFCA0000	000B6F39,
FFFFFFFFFFCA0000	000B60BB,
FFFFFFFFFFCA0000	000B09B3,
FFFFFFFFFFCA0000	000A89C9,
FFFFFFFFFFCA0000	000A2A41,
FFFFFFFFFFCA0000	000A00ED,
FFFFFFFFFFCA0000	000A0600,
FFFFFFFFFFCA0000	000A5763,
FFFFFFFFFFCA0000	000AD884,
FFFFFFFFFFCA0000	000B3E33,
FFFFFFFFFFCA0000	000B62FD,
FFFFFFFFFFCA0000	000B566E,
FFFFFFFFFFCA0000	000AFEF0,
FFFFFFFFFFCA0000	000A7D79,
FFFFFFFFFFCA0000	000A1D69,
FFFFFFFFFFCA0000	0009F349,
FFFFFFFFFFCA0000	0009F84F,
FFFFFFFFFFCA0000	000A4AFC,
FFFFFFFFFFCA0000	000ACEF5,
FFFFFFFFFFCA0000	000B3486,
FFFFFFFFFFCA0000	000B59EE,
FFFFFFFFFFCA0000	000B4AF0,
FFFFFFFFFFCA0000	000AF08B,
FFFFFFFFFFCA0000	000A6DD7,
FFFFFFFFFFCA0000	000A0E24,
FFFFFFFFFFCA0000	0009E681,
FFFFFFFFFFCA0000	0009ED78,
FFFFFFFFFFCA0000	000A4333,
FFFFFFFFFFCA0000	000AC8B1,
FFFFFFFFFFCA0000	000B2F01,
FFFFFFFFFFCA0000	000B53D7,
FFFFFFFFFFCA0000	000B4435,
FFFFFFFFFFCA0000	000AE820,
FFFFFFFFFFCA0000	000A63D9,
FFFFFFFFFFCA0000	000A03B2,
FFFFFFFFFFCA0000	0009DBE4,
FFFFFFFFFFCA0000	0009E421,
FFFFFFFFFFCA0000	000A3B84,
FFFFFFFFFFCA0000	000AC074,
FFFFFFFFFFCA0000	000B2534,
FFFFFFFFFFCA0000	000B4900,
FFFFFFFFFFCA0000	000B3903,
FFFFFFFFFFCA0000	000ADD6D,
FFFFFFFFFFCA0000	000A59D9,
FFFFFFFFFFCA0000	0009FA3E,
FFFFFFFFFFCA0000	0009D279,
FFFFFFFFFFCA0000	0009DA27,
FFFFFFFFFFCA0000	000A342A,
FFFFFFFFFFCA0000	000AB930,
FFFFFFFFFFCA0000	000B1B29,
FFFFFFFFFFCA0000	000B3CCC,
FFFFFFFFFFCA0000	000B2CBE,
FFFFFFFFFFCA0000	000AD0EC,
FFFFFFFFFFCA0000	000A4F8E,
FFFFFFFFFFCA0000	0009F15F,
FFFFFFFFFFCA0000	0009CB24,
FFFFFFFFFFCA0000	0009D42D,
FFFFFFFFFFCA0000	000A2E6E,
FFFFFFFFFFCA0000	000AB0BF,
FFFFFFFFFFCA0000	000B0C6E,
FFFFFFFFFFCA0000	000B2A9E,
FFFFFFFFFFCA0000	000B196E,
FFFFFFFFFFCA0000	000ABD8E,
FFFFFFFFFFCA0000	000A3CD8,
FFFFFFFFFFCA0000	0009E3D3,
FFFFFFFFFFCA0000	0009C20E,
FFFFFFFFFFCA0000	0009CF74,
FFFFFFFFFFCA0000	000A2C50,
FFFFFFFFFFCA0000	000AADF9,
FFFFFFFFFFCA0000	000B079C,
FFFFFFFFFFCA0000	000B22E2,
FFFFFFFFFFCA0000	000B0FE9,
FFFFFFFFFFCA0000	000AB2BA,
FFFFFFFFFFCA0000	000A3361,
FFFFFFFFFFCA0000	0009DB65,
FFFFFFFFFFCA0000	0009BAC7,
FFFFFFFFFFCA0000	0009C90B,
FFFFFFFFFFCA0000	000A272D,
FFFFFFFFFFCA0000	000AA87D,
FFFFFFFFFFCA0000	000B00D7,
FFFFFFFFFFCA0000	000B1BD2,
FFFFFFFFFFCA0000	000B0A02,
FFFFFFFFFFCA0000	000AADA8,
FFFFFFFFFFCA0000	000A2EAB,
FFFFFFFFFFCA0000	0009D610,
FFFFFFFFFFCA0000	0009B28B,
FFFFFFFFFFCA0000	0009BDD5,
FFFFFFFFFFCA0000	000A19DD,
FFFFFFFFFFCA0000	000A97A2,
FFFFFFFFFFCA0000	000AEBD5,
FFFFFFFFFFCA0000	000B04BE,
FFFFFFFFFFCA0000	000AF182,
FFFFFFFFFFCA0000	000A9672,
FFFFFFFFFFCA0000	000A19D8,
FFFFFFFFFFCA0000	0009C26E,
FFFFFFFFFFCA0000	0009A002,
FFFFFFFFFFCA0000	0009AD04,
FFFFFFFFFFCA0000	000A0A1C,
FFFFFFFFFFCA0000	000A8489,
FFFFFFFFFFCA0000	000AD4A1,
FFFFFFFFFFCA0000	000AEAD7,
FFFFFFFFFFCA0000	000AD465,
FFFFFFFFFFCA0000	000A75B1,
FFFFFFFFFFCA0000	0009F7B0,
FFFFFFFFFFCA0000	0009A0D4,
FFFFFFFFFFCA0000	00098055,
FFFFFFFFFFCA0000	00098ED2,
FFFFFFFFFFCA0000	0009EBE3,
FFFFFFFFFFCA0000	000A663E,
FFFFFFFFFFCA0000	000AB5CF,
FFFFFFFFFFCA0000	000ACC75,
FFFFFFFFFFCA0000	000AB9D5,
FFFFFFFFFFCA0000	000A5EAC,
FFFFFFFFFFCA0000	0009E4FA,
FFFFFFFFFFCA0000	00099296,
FFFFFFFFFFCA0000	0009733F,
FFFFFFFFFFCA0000	00097FF3,
FFFFFFFFFFCA0000	0009D7AF,
FFFFFFFFFFCA0000	000A4748,
FFFFFFFFFFCA0000	000A8B6D,
FFFFFFFFFFCA0000	000A9B8F,
FFFFFFFFFFCA0000	000A83A2,
FFFFFFFFFFCA0000	000A2583,
FFFFFFFFFFCA0000	0009AEA6,
FFFFFFFFFFCA0000	00095EA0,
FFFFFFFFFFCA0000	000940BE,
FFFFFFFFFFCA0000	00094FD5,
FFFFFFFFFFCA0000	0009A8C4,
FFFFFFFFFFCA0000	000A172D,
FFFFFFFFFFCA0000	000A5ABA,
FFFFFFFFFFCA0000	000A6BAC,
FFFFFFFFFFCA0000	000A565A,
FFFFFFFFFFCA0000	0009FD63,
FFFFFFFFFFCA0000	00099002,
FFFFFFFFFFCA0000	00094D2A,
FFFFFFFFFFCA0000	00093BF5,
FFFFFFFFFFCA0000	000955F0,
FFFFFFFFFFCA0000	0009B8C3,
FFFFFFFFFFCA0000	000A2D54,
FFFFFFFFFFCA0000	000A7793,
FFFFFFFFFFCA0000	000A91EB,
FFFFFFFFFFCA0000	000A8AE1,
FFFFFFFFFFCA0000	000A467C,
FFFFFFFFFFCA0000	0009F4A8,
FFFFFFFFFFCA0000	0009CC28,
FFFFFFFFFFCA0000	0009D015,
FFFFFFFFFFCA0000	0009F646,
FFFFFFFFFFCA0000	000A57E6,
FFFFFFFFFFCA0000	000AC0F4,
FFFFFFFFFFCA0000	000AFFFA,
FFFFFFFFFFCA0000	000B1271,
FFFFFFFFFFCA0000	000B034B,
FFFFFFFFFFCA0000	000AB58A,
FFFFFFFFFFCA0000	000A55A3,
FFFFFFFFFFCA0000	000A17F5,
FFFFFFFFFFCA0000	0009F941,
FFFFFFFFFFCA0000	0009F52D,
FFFFFFFFFFCA0000	000A2FAA,
FFFFFFFFFFCA0000	000A73E2,
FFFFFFFFFFCA0000	000A89A4,
FFFFFFFFFFCA0000	000A8047,
FFFFFFFFFFCA0000	000A5F4C,
FFFFFFFFFFCA0000	000A05DA,
FFFFFFFFFFCA0000	00099FCA,
FFFFFFFFFFCA0000	000964B0,
FFFFFFFFFFCA0000	00095793,
FFFFFFFFFFCA0000	00097071,
FFFFFFFFFFCA0000	0009C997,
FFFFFFFFFFCA0000	000A28EF,
FFFFFFFFFFCA0000	000A5DE2,
FFFFFFFFFFCA0000	000A6721,
FFFFFFFFFFCA0000	000A5041,
FFFFFFFFFFCA0000	000A01F8,
FFFFFFFFFFCA0000	0009AADD,
FFFFFFFFFFCA0000	00097BC5,
FFFFFFFFFFCA0000	000972F7,
FFFFFFFFFFCA0000	00098DB8,
FFFFFFFFFFCA0000	0009E63B,
FFFFFFFFFFCA0000	000A4426,
FFFFFFFFFFCA0000	000A77D0,
FFFFFFFFFFCA0000	000A8190,
FFFFFFFFFFCA0000	000A690B,
FFFFFFFFFFCA0000	000A195A,
FFFFFFFFFFCA0000	0009C19F,
FFFFFFFFFFCA0000	00098F06,
FFFFFFFFFFCA0000	0009843C,
FFFFFFFFFFCA0000	00099D9E,
FFFFFFFFFFCA0000	0009F342,
FFFFFFFFFFCA0000	000A4DA7,
FFFFFFFFFFCA0000	000A7FB4,
FFFFFFFFFFCA0000	000A8765,
FFFFFFFFFFCA0000	000A6D75,
FFFFFFFFFFCA0000	000A1D80,
FFFFFFFFFFCA0000	0009C686,
FFFFFFFFFFCA0000	00099408,
FFFFFFFFFFCA0000	000988C9,
FFFFFFFFFFCA0000	0009A3AE,
FFFFFFFFFFCA0000	0009FBBC,
FFFFFFFFFFCA0000	000A590C,
FFFFFFFFFFCA0000	000A8D11,
FFFFFFFFFFCA0000	000A9685,
FFFFFFFFFFCA0000	000A7D5F,
FFFFFFFFFFCA0000	000A2B5F,
FFFFFFFFFFCA0000	0009D35C,
FFFFFFFFFFCA0000	0009A1E0,
FFFFFFFFFFCA0000	000997AC,
FFFFFFFFFFCA0000	0009B441,
FFFFFFFFFFCA0000	000A0F45,
FFFFFFFFFFCA0000	000A6E08,
FFFFFFFFFFCA0000	000AA038,
FFFFFFFFFFCA0000	000AA7F2,
FFFFFFFFFFCA0000	000A8EEB,
FFFFFFFFFFCA0000	000A3FE7,
FFFFFFFFFFCA0000	0009ED83,
FFFFFFFFFFCA0000	0009BEE3,
FFFFFFFFFFCA0000	0009B529,
FFFFFFFFFFCA0000	0009D02A,
FFFFFFFFFFCA0000	000A259C,
FFFFFFFFFFCA0000	000A7E77,
FFFFFFFFFFCA0000	000AAE08,
FFFFFFFFFFCA0000	000AB6FC,
FFFFFFFFFFCA0000	000A9EC4,
FFFFFFFFFFCA0000	000A4BB2,
FFFFFFFFFFCA0000	0009F42A,
FFFFFFFFFFCA0000	0009C4B0,
FFFFFFFFFFCA0000	0009BC58,
FFFFFFFFFFCA0000	0009DA4D,
FFFFFFFFFFCA0000	000A3396,
FFFFFFFFFFCA0000	000A8B7A,
FFFFFFFFFFCA0000	000AB7F3,
FFFFFFFFFFCA0000	000ABA45,
FFFFFFFFFFCA0000	000A99B3,
FFFFFFFFFFCA0000	000A418D,
FFFFFFFFFFCA0000	0009E88B,
FFFFFFFFFFCA0000	0009BA13,
FFFFFFFFFFCA0000	0009B25E,
FFFFFFFFFFCA0000	0009CFDA,
FFFFFFFFFFCA0000	000A27D2,
FFFFFFFFFFCA0000	000A84BD,
FFFFFFFFFFCA0000	000AB9CE,
FFFFFFFFFFCA0000	000ABFC5,
FFFFFFFFFFCA0000	000A9F78,
FFFFFFFFFFCA0000	000A4629,
FFFFFFFFFFCA0000	0009E8D5,
FFFFFFFFFFCA0000	0009B5AE,
FFFFFFFFFFCA0000	0009AADD,
FFFFFFFFFFCA0000	0009C778,
FFFFFFFFFFCA0000	000A218D,
FFFFFFFFFFCA0000	000A7D43,
FFFFFFFFFFCA0000	000AAC97,
FFFFFFFFFFCA0000	000AB033,
FFFFFFFFFFCA0000	000A90AB,
FFFFFFFFFFCA0000	000A39C1,
FFFFFFFFFFCA0000	0009E0FC,
FFFFFFFFFFCA0000	0009B03C,
FFFFFFFFFFCA0000	0009A796,
FFFFFFFFFFCA0000	0009C747,
FFFFFFFFFFCA0000	000A2429,
FFFFFFFFFFCA0000	000A7ED2,
FFFFFFFFFFCA0000	000AAD3C,
FFFFFFFFFFCA0000	000AB474,
FFFFFFFFFFCA0000	000A99F1,
FFFFFFFFFFCA0000	000A46A3,
FFFFFFFFFFCA0000	0009F3E1,
FFFFFFFFFFCA0000	0009C9E5,
FFFFFFFFFFCA0000	0009C71A,
FFFFFFFFFFCA0000	0009EB03,
FFFFFFFFFFCA0000	000A5016,
FFFFFFFFFFCA0000	000AB57A,
FFFFFFFFFFCA0000	000AEDB8,
FFFFFFFFFFCA0000	000AF8BA,
FFFFFFFFFFCA0000	000AE05A,
FFFFFFFFFFCA0000	000A9187,
FFFFFFFFFFCA0000	000A44FC,
FFFFFFFFFFCA0000	000A2060,
FFFFFFFFFFCA0000	000A22C6,
FFFFFFFFFFCA0000	000A4A75,
FFFFFFFFFFCA0000	000AAC8D,
FFFFFFFFFFCA0000	000B0DC2,
FFFFFFFFFFCA0000	000B4107,
FFFFFFFFFFCA0000	000B46BC,
FFFFFFFFFFCA0000	000B25F0,
FFFFFFFFFFCA0000	000AD143,
FFFFFFFFFFCA0000	000A81A5,
FFFFFFFFFFCA0000	000A59CD,
FFFFFFFFFFCA0000	000A54C7,
FFFFFFFFFFCA0000	000A7538,
FFFFFFFFFFCA0000	000AD140,
FFFFFFFFFFCA0000	000B28A7,
FFFFFFFFFFCA0000	000B5214,
FFFFFFFFFFCA0000	000B51A0,
FFFFFFFFFFCA0000	000B2E68,
FFFFFFFFFFCA0000	000AD58C,
FFFFFFFFFFCA0000	000A81FB,
FFFFFFFFFFCA0000	000A5753,
FFFFFFFFFFCA0000	000A52F3,
FFFFFFFFFFCA0000	000A7708,
FFFFFFFFFFCA0000	000AD373,